{"train_accuracy": 0.94225, "val_accuracy": 0.6819571865443425, "_timestamp": 1678684817.4669614, "_runtime": 814.8731124401093, "_step": 4, "_wandb": {"runtime": 845}}