{"train_accuracy": 0.620125, "val_accuracy": 0.6217125382262997, "_timestamp": 1678688340.359239, "_runtime": 806.0707271099091, "_step": 4, "_wandb": {"runtime": 834}}