{"train_accuracy": 0.6195, "val_accuracy": 0.6217125382262997, "_timestamp": 1678694953.107362, "_runtime": 2155.5438849925995, "_step": 6, "_wandb": {"runtime": 2207}}