{"train_accuracy": 0.625, "val_accuracy": 0.6217125382262997, "_timestamp": 1678691814.7031252, "_runtime": 781.0232453346252, "_step": 4, "_wandb": {"runtime": 809}}