{"train_accuracy": 0.61925, "val_accuracy": 0.6217125382262997, "_timestamp": 1678692731.7824173, "_runtime": 1548.8747901916504, "_step": 4, "_wandb": {"runtime": 1602}}