{"train_accuracy": 0.62275, "val_accuracy": 0.6217125382262997, "_timestamp": 1678697773.55171, "_runtime": 2755.1993119716644, "_step": 8, "_wandb": {"runtime": 2807}}