{"train_accuracy": 0.621375, "val_accuracy": 0.6217125382262997, "_timestamp": 1678688201.184227, "_runtime": 2201.637298107147, "_step": 6, "_wandb": {"runtime": 2254}}