{"train_accuracy": 0.62175, "val_accuracy": 0.6217125382262997, "_timestamp": 1678685929.9860892, "_runtime": 1597.5266523361206, "_step": 4, "_wandb": {"runtime": 1653}}