{"train_accuracy": 0.999875, "val_accuracy": 0.6972477064220184, "_timestamp": 1678688679.4613607, "_runtime": 4696.383677721024, "_step": 29, "_wandb": {"runtime": 4724}}