{"train_accuracy": 0.623, "val_accuracy": 0.6217125382262997, "_timestamp": 1678688267.5997322, "_runtime": 2174.486175060272, "_step": 6, "_wandb": {"runtime": 2226}}