{"train_accuracy": 0.623875, "val_accuracy": 0.6217125382262997, "_timestamp": 1678689500.246922, "_runtime": 1118.7194650173187, "_step": 6, "_wandb": {"runtime": 1146}}