{"train_accuracy": 0.9, "_timestamp": 1678681794.7380986, "_runtime": 13.894923686981201, "_step": 19, "_wandb": {"runtime": 15}}