{"train_accuracy": 0.622125, "val_accuracy": 0.6217125382262997, "_timestamp": 1678690989.93981, "_runtime": 1448.9336941242218, "_step": 8, "_wandb": {"runtime": 1479}}