{"train_accuracy": 0.622375, "val_accuracy": 0.6217125382262997, "_timestamp": 1678697873.7238336, "_runtime": 2812.0863676071167, "_step": 8, "_wandb": {"runtime": 2864}}