{"train_accuracy": 0.62425, "val_accuracy": 0.6217125382262997, "_timestamp": 1678694994.352508, "_runtime": 2190.193207025528, "_step": 6, "_wandb": {"runtime": 2244}}