{"train_accuracy": 0.624, "val_accuracy": 0.6, "_timestamp": 1678692939.5283573, "_runtime": 1084.4607193470001, "_step": 6, "_wandb": {"runtime": 1112}}