{"train_accuracy": 0.976125, "val_accuracy": 0.6694189602446483, "_timestamp": 1678686000.0786905, "_runtime": 1137.83158659935, "_step": 6, "_wandb": {"runtime": 1168}}