{"train_accuracy": 0.61875, "val_accuracy": 0.6217125382262997, "_timestamp": 1678691118.6294522, "_runtime": 2786.6592502593994, "_step": 8, "_wandb": {"runtime": 2839}}