{"train_accuracy": 0.625, "val_accuracy": 0.6217125382262997, "_timestamp": 1678691098.8060806, "_runtime": 2832.5255846977234, "_step": 8, "_wandb": {"runtime": 2888}}