{"train_accuracy": 0.618125, "val_accuracy": 0.6217125382262997, "_timestamp": 1678686024.0667176, "_runtime": 1573.5804245471954, "_step": 4, "_wandb": {"runtime": 1628}}