{"train_accuracy": 1.0, "val_accuracy": 1.0, "_timestamp": 1678681974.244836, "_runtime": 14.21281909942627, "_step": 19, "_wandb": {"runtime": 14}}