{"train_accuracy": 0.6235, "val_accuracy": 0.6217125382262997, "_timestamp": 1678692737.7287526, "_runtime": 1570.2298367023468, "_step": 4, "_wandb": {"runtime": 1624}}